{
  "version": 1,
  "author": "YADI SUTIADI",
  "editor": "wokwi",
  "parts": [
    { "type": "wokwi-esp32-devkit-v1", "id": "esp", "top": 4.7, "left": 119.8, "attrs": {} },
    {
      "type": "wokwi-dht22",
      "id": "dht",
      "top": -153.3,
      "left": 129,
      "attrs": { "temperature": "-18.4", "humidity": "50" }
    },
    { "type": "wokwi-mq135", "id": "mq", "top": -100, "left": 280, "attrs": {} },
    { "type": "wokwi-ssd1306", "id": "oled", "top": 150.7, "left": 251.5, "attrs": {} },
    { "type": "wokwi-led", "id": "ledRed", "top": 150, "left": 20, "attrs": { "color": "red" } },
    {
      "type": "wokwi-led",
      "id": "ledGreen",
      "top": 200,
      "left": 20,
      "attrs": { "color": "green" }
    },
    { "type": "wokwi-button", "id": "button", "top": 20, "left": 20, "attrs": {} },
    { "type": "wokwi-relay-module", "id": "relay", "top": 9.8, "left": 316.8, "attrs": {} },
    { "type": "wokwi-gas-sensor", "id": "gas1", "top": -122.1, "left": 295, "attrs": {} },
    {
      "type": "wokwi-pushbutton",
      "id": "btn1",
      "top": -80.2,
      "left": 0,
      "attrs": { "color": "green", "xray": "1" }
    }
  ],
  "connections": [
    [ "dht:VCC", "esp:3V3", "red", [ "v38.4", "h96", "v163.2" ] ],
    [ "dht:GND", "esp:GND.1", "black", [ "v9.6", "h57.6", "v182.4" ] ],
    [ "dht:SDA", "esp:D15", "green", [ "v38.4", "h96.1", "v144" ] ],
    [ "gas1:VCC", "esp:3V3", "red", [ "h28.8", "v56.7", "h-220.8", "v182.4" ] ],
    [ "gas1:GND", "esp:GND.1", "black", [ "h38.4", "v95.2", "h-240", "v144" ] ],
    [ "gas1:AOUT", "esp:D34", "green", [ "h19.2", "v86.4", "h-345.6", "v76.8" ] ],
    [ "oled:VIN", "esp:3V3", "red", [ "v-28.8", "h-95.4", "v28.8" ] ],
    [ "oled:GND", "esp:GND.1", "black", [ "v-18.7", "h-115", "v9.6" ] ],
    [ "oled:DATA", "esp:D21", "green", [ "v0" ] ],
    [ "oled:CLK", "esp:D22", "green", [ "v0" ] ],
    [ "btn1:1.r", "esp:D27", "green", [ "v0", "h9.8", "v182.4" ] ],
    [ "btn1:2.r", "esp:GND.2", "green", [ "h0.2", "v201.8" ] ],
    [ "relay:IN", "esp:D13", "green", [ "h0", "v67", "h105.6", "v172.8", "h-316.8", "v-144" ] ],
    [ "relay:VCC", "esp:3V3", "red", [ "h-57.6", "v134.4" ] ],
    [ "relay:GND", "esp:GND.1", "black", [ "h-48", "v114.8" ] ],
    [ "ledRed:A", "esp:D12", "green", [ "h31.8", "v-57.6", "h48" ] ],
    [ "ledRed:C", "esp:GND.2", "green", [ "v0", "h-35", "v-57.6" ] ],
    [ "ledGreen:A", "esp:D14", "green", [ "v-2", "h41.4", "v-115.2" ] ],
    [ "ledGreen:C", "esp:GND.2", "green", [ "v26.8", "h80.2", "v-115.1" ] ]
  ],
  "dependencies": {}
}
